id,rep1,rep2
Everolimus_AZD5363_D013T01_Bliss,7.02523081577132,-4.437431401154309
Everolimus_AZD5363_D013T01_HSA,6.20104022429451,-2.7260735805167613
Everolimus_AZD5363_D013T01_Loewe,2.7299487813179377,-2.6995545776313805
Everolimus_AZD5363_D013T01_ZIP,0.32193363247541473,-5.490972912642885
Everolimus_AZD5363_D019T01_Bliss,13.018750867820001,10.773478957087638
Everolimus_AZD5363_D019T01_HSA,11.408612353961955,9.753783464356781
Everolimus_AZD5363_D019T01_Loewe,12.857349213275567,9.057109032512656
Everolimus_AZD5363_D019T01_ZIP,6.51254322230361,-2.92686281383635
Everolimus_AZD5363_D080T01_Bliss,6.922389596658076,1.00750967333635
Everolimus_AZD5363_D080T01_HSA,6.915055403162509,0.3763424364828987
Everolimus_AZD5363_D080T01_Loewe,8.256048739267346,2.0587805215855615
Everolimus_AZD5363_D080T01_ZIP,-1.791315834195833,-2.218933205849079
Everolimus_AZD5363_D090T01_Bliss,0.7952654960594763,2.901183797841391
Everolimus_AZD5363_D090T01_HSA,1.4068391829256726,0.34977692014070516
Everolimus_AZD5363_D090T01_Loewe,1.8618628295437583,2.174016565054991
Everolimus_AZD5363_D090T01_ZIP,-2.696156613283616,0.51484495415965
Everolimus_AZD5363_D092T01_Bliss,11.557685778999002,0.8871311904045392
Everolimus_AZD5363_D092T01_HSA,16.225913310020818,5.521903605612081
Everolimus_AZD5363_D092T01_Loewe,13.123752904047251,5.107737453178501
Everolimus_AZD5363_D092T01_ZIP,11.670873384139014,5.810671499660813
Everolimus_AZD5363_D104T01_Bliss,5.769441394970878,5.967702458220615
Everolimus_AZD5363_D104T01_HSA,6.077035822189878,6.2955310552364905
Everolimus_AZD5363_D104T01_Loewe,12.050321829989935,3.5317358263377407
Everolimus_AZD5363_D104T01_ZIP,-1.6398628853527524,-1.457312377223186
Everolimus_AZD5363_D105T01_Bliss,4.910713329687792,6.947765890346696
Everolimus_AZD5363_D105T01_HSA,4.406133145544001,5.706261727775052
Everolimus_AZD5363_D105T01_Loewe,5.89486806556549,-0.5910563275438471
Everolimus_AZD5363_D105T01_ZIP,2.830063994788144,0.054954044823706
Everolimus_AZD5363_D114T01_Bliss,6.852058574595094,1.6997795318675248
Everolimus_AZD5363_D114T01_HSA,6.442124767940316,1.450617528696128
Everolimus_AZD5363_D114T01_Loewe,0.03823993168643503,-4.396560488450261
Everolimus_AZD5363_D114T01_ZIP,6.235712627682518,2.126554912207916
Everolimus_AZD5363_D115T01_Bliss,8.487055250199855,8.11519518083634
Everolimus_AZD5363_D115T01_HSA,10.403919601330909,10.420609352559099
Everolimus_AZD5363_D115T01_Loewe,8.958009512765207,5.01677543281975
Everolimus_AZD5363_D115T01_ZIP,8.003167728404618,6.175125770941566
Everolimus_AZD5363_D131T01_Bliss,10.17957503343968,8.959024884815694
Everolimus_AZD5363_D131T01_HSA,9.899800431291661,9.054393010538357
Everolimus_AZD5363_D131T01_Loewe,0.7199273952044677,0.07348887306389028
Everolimus_AZD5363_D131T01_ZIP,14.786682129854716,6.297742890530254
Everolimus_AZD5363_D134T01_Bliss,4.955224719628753,2.361833866265483
Everolimus_AZD5363_D134T01_HSA,6.644815296564909,1.6420911963931417
Everolimus_AZD5363_D134T01_Loewe,5.166417012042462,2.01245331517995
Everolimus_AZD5363_D134T01_ZIP,2.150746519869754,-1.091886970874862
Everolimus_AZD5363_D135T01_Bliss,-0.7476953596820907,10.624632206833073
Everolimus_AZD5363_D135T01_HSA,-0.6233682829105428,13.098386235210592
Everolimus_AZD5363_D135T01_Loewe,-5.444027011538936,10.619438058916469
Everolimus_AZD5363_D135T01_ZIP,-6.621675135500727,9.970244645244753
Napabucasin_Rucaparib_D013T01_Bliss,-9.181249593884527,15.188278736564602
Napabucasin_Rucaparib_D013T01_HSA,-9.188949539779651,12.30172155712654
Napabucasin_Rucaparib_D013T01_Loewe,-13.6141018825628,1.8533482820297387
Napabucasin_Rucaparib_D013T01_ZIP,-1.1493893715707253,10.780939516230756
Napabucasin_Rucaparib_D019T01_Bliss,-12.758226130479708,5.450964071750843
Napabucasin_Rucaparib_D019T01_HSA,-13.069314510536165,4.521462282888807
Napabucasin_Rucaparib_D019T01_Loewe,-14.810581732977017,-1.7701783228482728
Napabucasin_Rucaparib_D019T01_ZIP,-9.368792899169886,2.7583686497380673
Napabucasin_Rucaparib_D080T01_Bliss,11.191779230666317,6.834331049377239
Napabucasin_Rucaparib_D080T01_HSA,8.560251629645414,6.364398264781573
Napabucasin_Rucaparib_D080T01_Loewe,10.182163294583267,6.252291306175815
Napabucasin_Rucaparib_D080T01_ZIP,9.630792277896466,3.7201534951211093
Napabucasin_Rucaparib_D090T01_Bliss,7.125921816727249,1.8156130837705386
Napabucasin_Rucaparib_D090T01_HSA,6.170206605798523,0.7383206582199707
Napabucasin_Rucaparib_D090T01_Loewe,6.995931621833962,-11.563701662444252
Napabucasin_Rucaparib_D090T01_ZIP,6.549548170967099,-0.14695256155127917
Napabucasin_Rucaparib_D092T01_Bliss,6.151515778152258,3.7881215678019675
Napabucasin_Rucaparib_D092T01_HSA,6.7743433874365095,5.650541423296771
Napabucasin_Rucaparib_D092T01_Loewe,1.84045241800961,-12.275893113663091
Napabucasin_Rucaparib_D092T01_ZIP,4.635042645028885,5.006977743130289
Napabucasin_Rucaparib_D104T01_Bliss,6.693392939335963,7.107754321143257
Napabucasin_Rucaparib_D104T01_HSA,5.93469201110711,6.263831048383696
Napabucasin_Rucaparib_D104T01_Loewe,8.532155957354705,7.860825559594929
Napabucasin_Rucaparib_D104T01_ZIP,5.699372456496367,4.021438138709851
Napabucasin_Rucaparib_D105T01_Bliss,5.1950710793946895,-1.8375658796672485
Napabucasin_Rucaparib_D105T01_HSA,4.2021989911613575,-2.387180984026285
Napabucasin_Rucaparib_D105T01_Loewe,4.143447731603165,-13.67621072094582
Napabucasin_Rucaparib_D105T01_ZIP,6.367962850130075,-1.1949177276922092
Napabucasin_Rucaparib_D114T01_Bliss,8.365778789157375,14.095983131861118
Napabucasin_Rucaparib_D114T01_HSA,7.665154450513363,12.92000677024185
Napabucasin_Rucaparib_D114T01_Loewe,-7.67417476188159,14.618334561432915
Napabucasin_Rucaparib_D114T01_ZIP,5.630564106429752,12.289202237397436
Napabucasin_Rucaparib_D115T01_Bliss,1.7032909879326694,-8.346966703685471
Napabucasin_Rucaparib_D115T01_HSA,1.4493127207563459,-8.79331957901898
Napabucasin_Rucaparib_D115T01_Loewe,-16.770490528723897,-5.957534524773893
Napabucasin_Rucaparib_D115T01_ZIP,0.18359441316796102,3.0634916797155185
Napabucasin_Rucaparib_D131T01_Bliss,30.65235426063163,16.329773193482797
Napabucasin_Rucaparib_D131T01_HSA,31.382300523755084,14.894749555333197
Napabucasin_Rucaparib_D131T01_Loewe,30.171555424644808,17.2990295919343
Napabucasin_Rucaparib_D131T01_ZIP,28.469856136512806,18.453058800920637
Napabucasin_Rucaparib_D134T01_Bliss,11.473555454895308,8.370241226136
Napabucasin_Rucaparib_D134T01_HSA,13.355668103097631,8.2308885899067
Napabucasin_Rucaparib_D134T01_Loewe,7.792055058728516,3.542907310461394
Napabucasin_Rucaparib_D134T01_ZIP,10.722510202173835,9.706073899765087
Napabucasin_Rucaparib_D135T01_Bliss,-3.242021503916647,11.074023589889485
Napabucasin_Rucaparib_D135T01_HSA,-5.997206403424933,10.359965792229247
Napabucasin_Rucaparib_D135T01_Loewe,-9.039893333380313,-6.226875341411853
Napabucasin_Rucaparib_D135T01_ZIP,-1.2569036584653752,10.543274965106754
Napabucasin_Sunitinib_D013T01_Bliss,-16.349336168838985,-18.225405266061674
Napabucasin_Sunitinib_D013T01_HSA,-16.15827071439715,-22.068695554147606
Napabucasin_Sunitinib_D013T01_Loewe,-14.817301789996833,-40.200386658938015
Napabucasin_Sunitinib_D013T01_ZIP,-8.838328261100967,-9.513044680880043
Napabucasin_Sunitinib_D019T01_Bliss,-18.900016355768127,-8.247264102803095
Napabucasin_Sunitinib_D019T01_HSA,-19.26986564522323,-6.890294829729243
Napabucasin_Sunitinib_D019T01_Loewe,-20.50120160940789,-10.79418024918645
Napabucasin_Sunitinib_D019T01_ZIP,-8.770215937988175,-5.483748115368674
Napabucasin_Sunitinib_D080T01_Bliss,9.729766054202988,-2.5815863591278534
Napabucasin_Sunitinib_D080T01_HSA,8.319248200391188,-1.9713923626754246
Napabucasin_Sunitinib_D080T01_Loewe,1.6334301596454106,-4.272186487742043
Napabucasin_Sunitinib_D080T01_ZIP,5.303825127124899,-3.346338250188858
Napabucasin_Sunitinib_D090T01_Bliss,-6.630996077110196,-11.166272429974583
Napabucasin_Sunitinib_D090T01_HSA,-6.321336750391731,-10.469210316905428
Napabucasin_Sunitinib_D090T01_Loewe,23.76215056589405,-12.828420215474756
Napabucasin_Sunitinib_D090T01_ZIP,-4.381130771146887,-8.263279516589384
Napabucasin_Sunitinib_D092T01_Bliss,1.4894163196467285,-3.520807315726334
Napabucasin_Sunitinib_D092T01_HSA,1.282001302486411,-3.0492389181503667
Napabucasin_Sunitinib_D092T01_Loewe,-4.971726723200739,-6.078247197325484
Napabucasin_Sunitinib_D092T01_ZIP,8.363096869659216,-2.352033752197046
Napabucasin_Sunitinib_D104T01_Bliss,-8.537626864491292,-6.736824890512806
Napabucasin_Sunitinib_D104T01_HSA,-8.855316958676891,-7.073428702232377
Napabucasin_Sunitinib_D104T01_Loewe,-9.626343201995718,-25.481976044468794
Napabucasin_Sunitinib_D104T01_ZIP,-5.609167381450072,-5.095271842951272
Napabucasin_Sunitinib_D105T01_Bliss,-4.917856607893592,-18.352836670144303
Napabucasin_Sunitinib_D105T01_HSA,-5.258489120256667,-19.01185372149693
Napabucasin_Sunitinib_D105T01_Loewe,15.959318878974498,-20.367246692031006
Napabucasin_Sunitinib_D105T01_ZIP,-3.511445512126722,-10.18685040843539
Napabucasin_Sunitinib_D114T01_Bliss,-4.9780058728319165,-3.965982892686189
Napabucasin_Sunitinib_D114T01_HSA,-5.280823627207583,-4.594581288193106
Napabucasin_Sunitinib_D114T01_Loewe,-25.813270358484726,-14.854029171782253
Napabucasin_Sunitinib_D114T01_ZIP,-2.2990927711963574,-2.360042792354921
Napabucasin_Sunitinib_D115T01_Bliss,-9.020850139156114,-11.465285719916332
Napabucasin_Sunitinib_D115T01_HSA,-9.246044825864642,-11.638576671110956
Napabucasin_Sunitinib_D115T01_Loewe,-10.704407319726055,-13.328886568803624
Napabucasin_Sunitinib_D115T01_ZIP,-6.226826681333732,-1.9660075924766816
Napabucasin_Sunitinib_D131T01_Bliss,1.873066753520479,-1.87675330077249
Napabucasin_Sunitinib_D131T01_HSA,1.9693615130346398,-2.706047177312612
Napabucasin_Sunitinib_D131T01_Loewe,-14.156014714584762,-4.660269086167652
Napabucasin_Sunitinib_D131T01_ZIP,2.799809276986258,-1.3696746319642659
Napabucasin_Sunitinib_D134T01_Bliss,3.6721918885673177,-9.948761480579849
Napabucasin_Sunitinib_D134T01_HSA,3.360053044952807,-9.941661774656334
Napabucasin_Sunitinib_D134T01_Loewe,-5.798626352340772,-11.320566666401906
Napabucasin_Sunitinib_D134T01_ZIP,4.690142607170033,-6.790151701392723
Napabucasin_Sunitinib_D135T01_Bliss,-2.355770607318172,-1.596613299350941
Napabucasin_Sunitinib_D135T01_HSA,-2.9640143146026547,-1.3638468054891943
Napabucasin_Sunitinib_D135T01_Loewe,-6.495569207472805,-11.298647870952701
Napabucasin_Sunitinib_D135T01_ZIP,-2.20708439837624,-0.599064791688699
Napabucasin_Trametinib_D013T01_Bliss,-15.417349616696542,-6.0582167360070915
Napabucasin_Trametinib_D013T01_HSA,-14.313772039593061,-8.433383356920318
Napabucasin_Trametinib_D013T01_Loewe,-20.00258951043752,-23.286732385356125
Napabucasin_Trametinib_D013T01_ZIP,-8.820927067859882,-0.37136412909628064
Napabucasin_Trametinib_D019T01_Bliss,-7.815575670134998,-5.356015122557697
Napabucasin_Trametinib_D019T01_HSA,-7.145373493305532,-2.3930384245807113
Napabucasin_Trametinib_D019T01_Loewe,-8.122050639748593,-8.339116431813379
Napabucasin_Trametinib_D019T01_ZIP,-3.424972404800177,-2.952618793897268
Napabucasin_Trametinib_D080T01_Bliss,-0.7568710214278012,-0.4404992812022141
Napabucasin_Trametinib_D080T01_HSA,-1.8630625402436318,-0.5423485645114471
Napabucasin_Trametinib_D080T01_Loewe,-25.172898571916555,-25.2010847366438
Napabucasin_Trametinib_D080T01_ZIP,2.057104001255644,1.1874863583336082
Napabucasin_Trametinib_D090T01_Bliss,-2.0933402970291373,-8.3954085159866
Napabucasin_Trametinib_D090T01_HSA,-1.4102858800669718,-5.35016946934955
Napabucasin_Trametinib_D090T01_Loewe,-1.7832430335419365,-6.963711115042552
Napabucasin_Trametinib_D090T01_ZIP,0.11118590989834416,-4.488594167677795
Napabucasin_Trametinib_D092T01_Bliss,-0.29359434355445047,-2.2533323672954038
Napabucasin_Trametinib_D092T01_HSA,1.8066527993048611,2.3494996461902513
Napabucasin_Trametinib_D092T01_Loewe,0.3486008986791549,1.2122618960563643
Napabucasin_Trametinib_D092T01_ZIP,1.795899597701009,-1.2144263929026735
Napabucasin_Trametinib_D104T01_Bliss,-0.7297028210686134,-2.101763455429938
Napabucasin_Trametinib_D104T01_HSA,-0.30255910118161927,-2.558903331270478
Napabucasin_Trametinib_D104T01_Loewe,-0.776190189316873,-12.351763242420272
Napabucasin_Trametinib_D104T01_ZIP,0.25223924697290534,-0.15437126273963186
Napabucasin_Trametinib_D105T01_Bliss,-6.006220754115214,-7.984432066196465
Napabucasin_Trametinib_D105T01_HSA,-4.429197572776643,-8.601791464794541
Napabucasin_Trametinib_D105T01_Loewe,-6.5122665500185155,-9.479670070682836
Napabucasin_Trametinib_D105T01_ZIP,-4.20480619210892,-1.6093622371737948
Napabucasin_Trametinib_D114T01_Bliss,0.4724515249021233,-0.3734873124964882
Napabucasin_Trametinib_D114T01_HSA,0.2900304083187815,-2.0841063419873866
Napabucasin_Trametinib_D114T01_Loewe,-13.544375075353395,-16.269828127867527
Napabucasin_Trametinib_D114T01_ZIP,0.7164551690281455,1.4116757060874512
Napabucasin_Trametinib_D115T01_Bliss,-5.241687217661461,-3.3692708086610823
Napabucasin_Trametinib_D115T01_HSA,-5.325949098433291,-3.9482374593589995
Napabucasin_Trametinib_D115T01_Loewe,-5.893903012525932,-7.116991018422036
Napabucasin_Trametinib_D115T01_ZIP,-1.9170781797785679,-0.9434514837675985
Napabucasin_Trametinib_D131T01_Bliss,-0.9244286935750649,0.820276151752136
Napabucasin_Trametinib_D131T01_HSA,0.010838674694923044,2.296407772658278
Napabucasin_Trametinib_D131T01_Loewe,-15.782002798998606,42.22095474947389
Napabucasin_Trametinib_D131T01_ZIP,0.05093944055913596,2.0338104256184217
Napabucasin_Trametinib_D134T01_Bliss,-3.849143743215075,-1.5652656043333286
Napabucasin_Trametinib_D134T01_HSA,0.46801554253874345,1.4942236420197461
Napabucasin_Trametinib_D134T01_Loewe,-11.50874587307413,-0.4151927787319998
Napabucasin_Trametinib_D134T01_ZIP,-1.2996890755804542,-0.4849380271348182
Napabucasin_Trametinib_D135T01_Bliss,-1.00799226866654,4.873860391567804
Napabucasin_Trametinib_D135T01_HSA,0.9772096214935785,4.93346574942484
Napabucasin_Trametinib_D135T01_Loewe,-0.9023100615560254,-5.810322399395408
Napabucasin_Trametinib_D135T01_ZIP,-0.6297288015967483,6.702071530486283
TAS_Birinapant_D013T01_Bliss,1.4014894553455315,-1.1381951304112221
TAS_Birinapant_D013T01_HSA,0.8307698112686158,-2.466092352322605
TAS_Birinapant_D013T01_Loewe,2.6317979103724904,-14.664198859725992
TAS_Birinapant_D013T01_ZIP,-1.2975771335312407,-1.92849483316065
TAS_Birinapant_D019T01_Bliss,0.6617536489189313,5.084796986834662
TAS_Birinapant_D019T01_HSA,2.4719301768011275,6.634675744705674
TAS_Birinapant_D019T01_Loewe,-5.649360797507286,5.559078009482887
TAS_Birinapant_D019T01_ZIP,-3.367663268941272,-1.5117265713322234
TAS_Birinapant_D080T01_Bliss,1.869255599488664,0.7499808429662789
TAS_Birinapant_D080T01_HSA,-0.4081496682510998,-0.9090580868163703
TAS_Birinapant_D080T01_Loewe,-9.93941809141711,-10.286095771289858
TAS_Birinapant_D080T01_ZIP,0.7463954015880101,0.087969962542525093
TAS_Birinapant_D090T01_Bliss,-5.7712777248926175,-5.1607351464989115
TAS_Birinapant_D090T01_HSA,-9.290511035400964,-8.963173693754028
TAS_Birinapant_D090T01_Loewe,-10.229536773037896,-18.62250201655808
TAS_Birinapant_D090T01_ZIP,-3.413540624226415,0.05357091869186121
TAS_Birinapant_D092T01_Bliss,3.233783584051177,-1.4863265155015875
TAS_Birinapant_D092T01_HSA,4.123583124643506,2.7218346454474767
TAS_Birinapant_D092T01_Loewe,4.676634787754167,3.844249449376385
TAS_Birinapant_D092T01_ZIP,-0.7723532904849,-6.95263254883913
TAS_Birinapant_D104T01_Bliss,-2.6573243775682753,-1.6286474922329017
TAS_Birinapant_D104T01_HSA,-3.989658609844564,-2.6059305969423034
TAS_Birinapant_D104T01_Loewe,-11.993979351231202,-10.810236674368191
TAS_Birinapant_D104T01_ZIP,-4.467367636447795,-4.712825887776738
TAS_Birinapant_D105T01_Bliss,-0.13570347696499327,-5.025121022544438
TAS_Birinapant_D105T01_HSA,-2.1904201989873693,-9.732039647107067
TAS_Birinapant_D105T01_Loewe,-5.445326769550636,-6.573913941640735
TAS_Birinapant_D105T01_ZIP,-3.8442074543576394,-3.45356740755978
TAS_Birinapant_D114T01_Bliss,2.309588783624248,-0.16865761718498137
TAS_Birinapant_D114T01_HSA,2.1433709642027066,1.840910061241736
TAS_Birinapant_D114T01_Loewe,-1.0434131121809456,-5.013199667572285
TAS_Birinapant_D114T01_ZIP,1.5844129751469243,-3.550702803071083
TAS_Birinapant_D115T01_Bliss,0.4340460368183515,3.7659874173619468
TAS_Birinapant_D115T01_HSA,1.0871579241211224,7.00939581974753
TAS_Birinapant_D115T01_Loewe,-3.0472927156405647,5.163920097955156
TAS_Birinapant_D115T01_ZIP,2.9397779869115874,7.129061735946175
TAS_Birinapant_D131T01_Bliss,-1.428467093905703,6.8311450261556805
TAS_Birinapant_D131T01_HSA,2.61498653285505,9.429089152019612
TAS_Birinapant_D131T01_Loewe,-1.6688706415584398,7.493884559248788
TAS_Birinapant_D131T01_ZIP,-0.20228330077840476,7.808605418946281
TAS_Birinapant_D134T01_Bliss,-1.9527528913866339,-1.7026439420295933
TAS_Birinapant_D134T01_HSA,0.7594869210843348,-0.06818780918118268
TAS_Birinapant_D134T01_Loewe,-9.276959482845292,-7.498982766265313
TAS_Birinapant_D134T01_ZIP,-1.3850188196845439,0.6930274449187275
TAS_Birinapant_D135T01_Bliss,-5.315656242081539,-2.327799481742289
TAS_Birinapant_D135T01_HSA,-1.9023883486887794,1.2748345115875264
TAS_Birinapant_D135T01_Loewe,-7.1972799198346165,-1.9554819509528518
TAS_Birinapant_D135T01_ZIP,-2.181420524390567,-1.054288673032898
TAS_Gefitinib_D013T01_Bliss,-4.8592352390707365,0.9382447379631668
TAS_Gefitinib_D013T01_HSA,-1.9582016970189902,3.887398888385049
TAS_Gefitinib_D013T01_Loewe,-11.888807563621851,2.7021407885581605
TAS_Gefitinib_D013T01_ZIP,-4.59949040914769,2.2130825137620618
TAS_Gefitinib_D019T01_Bliss,-4.642248180619323,1.586202850603472
TAS_Gefitinib_D019T01_HSA,-5.477284139855245,1.1261243849368523
TAS_Gefitinib_D019T01_Loewe,-0.9050967961208785,0.19695782969549513
TAS_Gefitinib_D019T01_ZIP,-4.034040062227898,-3.331438112672966
TAS_Gefitinib_D080T01_Bliss,7.114293313619705,12.005532820987298
TAS_Gefitinib_D080T01_HSA,10.344568189056982,13.315282147114482
TAS_Gefitinib_D080T01_Loewe,5.935719433648859,4.07319570469064
TAS_Gefitinib_D080T01_ZIP,6.539614474965748,9.930419817514666
TAS_Gefitinib_D090T01_Bliss,-3.0742824502073303,-4.730636208713143
TAS_Gefitinib_D090T01_HSA,0.5842713722031442,-0.47830457689042716
TAS_Gefitinib_D090T01_Loewe,-2.260895899459274,-3.123004708871156
TAS_Gefitinib_D090T01_ZIP,-2.3951274058380916,-2.3650299094259064
TAS_Gefitinib_D092T01_Bliss,-0.5888137744887315,-2.5038034187359455
TAS_Gefitinib_D092T01_HSA,1.4371993664928242,2.5703136320629
TAS_Gefitinib_D092T01_Loewe,-7.230255011976343,-1.8855626703015689
TAS_Gefitinib_D092T01_ZIP,0.42980399116163115,-2.566507873046121
TAS_Gefitinib_D104T01_Bliss,-2.70514707809625,-5.928056412760918
TAS_Gefitinib_D104T01_HSA,0.9098881713391794,-1.3637430360451557
TAS_Gefitinib_D104T01_Loewe,-0.7347677581708989,-2.54614246828595
TAS_Gefitinib_D104T01_ZIP,-3.4580016362578583,-4.753598356505244
TAS_Gefitinib_D105T01_Bliss,-1.7522160595997045,-7.875548433138763
TAS_Gefitinib_D105T01_HSA,0.7435420458476005,-3.5609210557015625
TAS_Gefitinib_D105T01_Loewe,-0.6004219671543133,-2.257931399740819
TAS_Gefitinib_D105T01_ZIP,-1.545383048780814,-5.951261306784257
TAS_Gefitinib_D114T01_Bliss,-5.835626090921305,-4.139089826482395
TAS_Gefitinib_D114T01_HSA,-4.284226505644584,-0.9104830802144196
TAS_Gefitinib_D114T01_Loewe,51.43173919431235,-3.9526962446210123
TAS_Gefitinib_D114T01_ZIP,-0.2831148836578987,-2.944128519103078
TAS_Gefitinib_D115T01_Bliss,-1.9474624005084802,-3.6439800627573833
TAS_Gefitinib_D115T01_HSA,3.8815191218490024,0.8244035507063345
TAS_Gefitinib_D115T01_Loewe,0.08283991122903178,-4.188752318183418
TAS_Gefitinib_D115T01_ZIP,0.21835768323732574,-1.8418168872726048
TAS_Gefitinib_D131T01_Bliss,-6.506836634974583,-4.242150156118504
TAS_Gefitinib_D131T01_HSA,-1.8572618206871896,0.4235214439922328
TAS_Gefitinib_D131T01_Loewe,-4.50579021543002,-0.6284866844532098
TAS_Gefitinib_D131T01_ZIP,-4.84988668362609,-4.543342437070362
TAS_Gefitinib_D134T01_Bliss,-0.33388661121880636,3.8663389157175168
TAS_Gefitinib_D134T01_HSA,3.8607206646455023,7.168009081549468
TAS_Gefitinib_D134T01_Loewe,1.265972433710269,3.4552403778136997
TAS_Gefitinib_D134T01_ZIP,-0.5456167430350429,0.4301652946795982
TAS_Gefitinib_D135T01_Bliss,-9.617576244463185,-7.834287271691409
TAS_Gefitinib_D135T01_HSA,-3.5935747460548892,-4.367594364130663
TAS_Gefitinib_D135T01_Loewe,-8.107872562421258,-5.793733599089923
TAS_Gefitinib_D135T01_ZIP,-8.745608856906411,-5.585087959298943
TAS_MK8776_D013T01_Bliss,8.805354154926357,0.9452066123151566
TAS_MK8776_D013T01_HSA,9.518010112196942,1.2140082778063153
TAS_MK8776_D013T01_Loewe,14.36927305273651,-0.8650089779290233
TAS_MK8776_D013T01_ZIP,10.403047041380852,-1.6794260819389915
TAS_MK8776_D019T01_Bliss,0.9146123916693959,3.8802252233937033
TAS_MK8776_D019T01_HSA,0.28438885752211057,3.037546654211712
TAS_MK8776_D019T01_Loewe,1.872901297039524,1.647432265804072
TAS_MK8776_D019T01_ZIP,-2.993367982495601,0.7188509366577676
TAS_MK8776_D080T01_Bliss,-0.08995353724713015,2.8447627955418437
TAS_MK8776_D080T01_HSA,-0.9033611307990648,2.123242895563597
TAS_MK8776_D080T01_Loewe,-8.41798290780977,3.5335992633442714
TAS_MK8776_D080T01_ZIP,-6.049004834377377,4.168474374251354
TAS_MK8776_D090T01_Bliss,0.3520965329862867,-1.0318339774134828
TAS_MK8776_D090T01_HSA,-1.4832595866079068,-4.705694913621234
TAS_MK8776_D090T01_Loewe,4.217398506885893,-1.4588456315670795
TAS_MK8776_D090T01_ZIP,1.2427275665611877,4.767738981607614
TAS_MK8776_D092T01_Bliss,-2.2906126108563,-4.563502467466314
TAS_MK8776_D092T01_HSA,-2.760364473653467,-4.213046490921911
TAS_MK8776_D092T01_Loewe,-9.639474355357395,-5.240190679930242
TAS_MK8776_D092T01_ZIP,-1.720615222177231,-5.711920019904945
TAS_MK8776_D104T01_Bliss,2.847730761488428,-1.1256694874360922
TAS_MK8776_D104T01_HSA,2.8005349054684663,-0.9614847928347324
TAS_MK8776_D104T01_Loewe,-0.013329599640660595,-8.425976949444538
TAS_MK8776_D104T01_ZIP,1.2159916085691886,-4.4526563279867455
TAS_MK8776_D105T01_Bliss,6.222718046501089,-0.05243528735696828
TAS_MK8776_D105T01_HSA,3.806648109284972,-2.740025152602479
TAS_MK8776_D105T01_Loewe,2.978935600538375,-1.0885516926422685
TAS_MK8776_D105T01_ZIP,-0.27522797933761195,3.544143129381364
TAS_MK8776_D114T01_Bliss,9.056142889311502,2.783716651757572
TAS_MK8776_D114T01_HSA,8.0240585045847,2.5843464390318696
TAS_MK8776_D114T01_Loewe,-1.9862234510881491,-9.209765682675867
TAS_MK8776_D114T01_ZIP,1.09539227705849,-0.9296588897035104
TAS_MK8776_D115T01_Bliss,1.1745753793723817,-0.28073538222804173
TAS_MK8776_D115T01_HSA,0.16359303414228354,-1.5915869749974474
TAS_MK8776_D115T01_Loewe,-3.2729557612843734,-5.963135823544106
TAS_MK8776_D115T01_ZIP,2.6741903599671053,0.9637105764809937
TAS_MK8776_D131T01_Bliss,4.970311596144964,10.329866133937548
TAS_MK8776_D131T01_HSA,4.046657669564216,9.84948471654686
TAS_MK8776_D131T01_Loewe,19.72506169700574,1.3460071138454768
TAS_MK8776_D131T01_ZIP,4.187598226317413,6.125771778021766
TAS_MK8776_D134T01_Bliss,3.7419379140326883,2.6525877180134625
TAS_MK8776_D134T01_HSA,3.3664717407630897,2.564478953247652
TAS_MK8776_D134T01_Loewe,-2.215265703151159,-2.720276754340956
TAS_MK8776_D134T01_ZIP,-3.4815761352111254,-2.672944136510599
TAS_MK8776_D135T01_Bliss,-5.704419428604426,-3.809010837517247
TAS_MK8776_D135T01_HSA,-5.690225157050404,-3.8529485088990207
TAS_MK8776_D135T01_Loewe,-4.8281610960975785,-6.16922182951216
TAS_MK8776_D135T01_ZIP,-5.487893169958327,-4.280784516321467
Trametinib_Afatinib_D013T01_Bliss,-4.6022498617973024,-3.4298271725290457
Trametinib_Afatinib_D013T01_HSA,7.3702120616258675,8.992887936220338
Trametinib_Afatinib_D013T01_Loewe,5.120792632850115,5.969345607108906
Trametinib_Afatinib_D013T01_ZIP,-4.638028081601687,-3.9551648511122575
Trametinib_Afatinib_D019T01_Bliss,3.685728860046384,4.370134082757319
Trametinib_Afatinib_D019T01_HSA,6.995777827011609,8.363399026507079
Trametinib_Afatinib_D019T01_Loewe,4.637190285920204,6.033806760074176
Trametinib_Afatinib_D019T01_ZIP,2.975452848493203,4.17153011620889
Trametinib_Afatinib_D080T01_Bliss,15.55077823694012,19.80940321164336
Trametinib_Afatinib_D080T01_HSA,19.445708656918512,19.8854535271952
Trametinib_Afatinib_D080T01_Loewe,18.057702770998418,17.511188682930484
Trametinib_Afatinib_D080T01_ZIP,17.805423734541833,20.847670121801382
Trametinib_Afatinib_D090T01_Bliss,-7.379290472154671,-7.406452469225376
Trametinib_Afatinib_D090T01_HSA,7.365096731994933,6.547319105107135
Trametinib_Afatinib_D090T01_Loewe,6.998723515925808,6.276355801916538
Trametinib_Afatinib_D090T01_ZIP,-7.449970216104338,-7.2477863470985975
Trametinib_Afatinib_D092T01_Bliss,1.021641760227099,-6.525255996087794
Trametinib_Afatinib_D092T01_HSA,11.391581140086567,7.139370020163876
Trametinib_Afatinib_D092T01_Loewe,8.996177022766329,5.917240981607446
Trametinib_Afatinib_D092T01_ZIP,0.9851320168484824,-7.266306611274703
Trametinib_Afatinib_D104T01_Bliss,0.9822457601008346,4.118612171593885
Trametinib_Afatinib_D104T01_HSA,12.655898750154403,13.078339281813676
Trametinib_Afatinib_D104T01_Loewe,12.31365894964278,11.685448964662626
Trametinib_Afatinib_D104T01_ZIP,0.7416780037294611,6.09659257200094
Trametinib_Afatinib_D105T01_Bliss,-1.2774789839436593,-2.2033841856084377
Trametinib_Afatinib_D105T01_HSA,8.07849034946779,7.514443401726505
Trametinib_Afatinib_D105T01_Loewe,3.135188557349339,5.536596780213355
Trametinib_Afatinib_D105T01_ZIP,-0.5895472866015433,-1.5429305340719415
Trametinib_Afatinib_D114T01_Bliss,-2.0142328858069036,-5.1231494210267545
Trametinib_Afatinib_D114T01_HSA,8.000001987664346,6.050090552641958
Trametinib_Afatinib_D114T01_Loewe,6.770009477250463,4.536579011383755
Trametinib_Afatinib_D114T01_ZIP,-2.3946280185466726,-5.740519197210695
Trametinib_Afatinib_D115T01_Bliss,-7.781150178350037,-6.866375171175271
Trametinib_Afatinib_D115T01_HSA,5.092819272898526,5.9745209723808355
Trametinib_Afatinib_D115T01_Loewe,5.134739614465368,5.123054667011576
Trametinib_Afatinib_D115T01_ZIP,-7.7727373259253465,-7.0988321377855685
Trametinib_Afatinib_D131T01_Bliss,-4.62788177118601,-4.319527659188175
Trametinib_Afatinib_D131T01_HSA,6.655437923597314,7.274197901311869
Trametinib_Afatinib_D131T01_Loewe,5.792424605719979,6.829650556758877
Trametinib_Afatinib_D131T01_ZIP,-4.070595396343972,-3.4855349715739545
Trametinib_Afatinib_D134T01_Bliss,-0.27239742244650983,4.3658358335564005
Trametinib_Afatinib_D134T01_HSA,9.55473809508913,10.681800704564242
Trametinib_Afatinib_D134T01_Loewe,9.0326791549537635,8.498079604670266
Trametinib_Afatinib_D134T01_ZIP,-0.09780295929401689,3.8634067711218654
Trametinib_Afatinib_D135T01_Bliss,-7.4441539244383454,4.768910500560793
Trametinib_Afatinib_D135T01_HSA,4.030911289232695,15.600956889941136
Trametinib_Afatinib_D135T01_Loewe,3.417624538434563,14.9130643709312
Trametinib_Afatinib_D135T01_ZIP,-7.149176865055592,4.842258630480949
Trametinib_Docetaxel_D013T01_Bliss,1.5693283425558218,-7.903063388348936
Trametinib_Docetaxel_D013T01_HSA,14.322649958980245,4.19656048834127
Trametinib_Docetaxel_D013T01_Loewe,13.700348893752064,3.2559253611143677
Trametinib_Docetaxel_D013T01_ZIP,2.510164948579946,-6.361066902180713
Trametinib_Docetaxel_D019T01_Bliss,1.9712628893117898,-3.7700921704180432
Trametinib_Docetaxel_D019T01_HSA,11.999954997467325,7.670239739606622
Trametinib_Docetaxel_D019T01_Loewe,10.652587438298424,6.105387267255097
Trametinib_Docetaxel_D019T01_ZIP,3.1785085966642956,-3.1582317191450624
Trametinib_Docetaxel_D080T01_Bliss,7.059186532840717,12.844770817505351
Trametinib_Docetaxel_D080T01_HSA,12.013245167879857,16.40590345159699
Trametinib_Docetaxel_D080T01_Loewe,7.7681261581064485,10.79999869058579
Trametinib_Docetaxel_D080T01_ZIP,8.654979839410277,13.911878039474693
Trametinib_Docetaxel_D090T01_Bliss,-8.70505571682787,-9.075097046772369
Trametinib_Docetaxel_D090T01_HSA,-0.7459782145178382,-1.880113507380837
Trametinib_Docetaxel_D090T01_Loewe,-2.441827370040508,-3.8106264036108786
Trametinib_Docetaxel_D090T01_ZIP,-5.683078858173279,-5.40397420717952
Trametinib_Docetaxel_D092T01_Bliss,-3.4063048120690906,-5.934894943331528
Trametinib_Docetaxel_D092T01_HSA,6.972296693653393,0.6461855481690839
Trametinib_Docetaxel_D092T01_Loewe,6.0929724121648405,-0.7095453923196579
Trametinib_Docetaxel_D092T01_ZIP,-3.127407629422012,-4.453742727852178
Trametinib_Docetaxel_D104T01_Bliss,2.0535373668905055,1.8867683537491045
Trametinib_Docetaxel_D104T01_HSA,14.756557803127025,14.872191299386442
Trametinib_Docetaxel_D104T01_Loewe,13.121405932831241,14.187017761392156
Trametinib_Docetaxel_D104T01_ZIP,3.0268710498854743,2.2858244460479984
Trametinib_Docetaxel_D105T01_Bliss,-15.426129630705837,-13.748998629892023
Trametinib_Docetaxel_D105T01_HSA,-4.818381099488941,-2.8594431162007043
Trametinib_Docetaxel_D105T01_Loewe,-5.011840186345054,-3.5614798278477644
Trametinib_Docetaxel_D105T01_ZIP,-11.739943121988519,-11.220409687502691
Trametinib_Docetaxel_D114T01_Bliss,-1.3824392092224993,-4.241518501336026
Trametinib_Docetaxel_D114T01_HSA,9.643474485382804,6.381926453740189
Trametinib_Docetaxel_D114T01_Loewe,9.025797861473423,4.683443447593224
Trametinib_Docetaxel_D114T01_ZIP,-1.086607395861007,-3.6138887166946825
Trametinib_Docetaxel_D115T01_Bliss,-4.910890649212931,-3.6082460578400095
Trametinib_Docetaxel_D115T01_HSA,2.505336885906019,5.644684244416316
Trametinib_Docetaxel_D115T01_Loewe,1.1125455735988354,4.28898327635391
Trametinib_Docetaxel_D115T01_ZIP,-2.58732393775523,-2.215769378552343
Trametinib_Docetaxel_D131T01_Bliss,-3.37223307302518,-4.252019862140431
Trametinib_Docetaxel_D131T01_HSA,5.8409822611664755,4.34130790110764
Trametinib_Docetaxel_D131T01_Loewe,4.740325674643149,2.8519565825604234
Trametinib_Docetaxel_D131T01_ZIP,-3.1789932367437728,-3.121058529851068
Trametinib_Docetaxel_D134T01_Bliss,-0.10574533872397496,1.2070572392670131
Trametinib_Docetaxel_D134T01_HSA,10.023057356010252,11.63581055589286
Trametinib_Docetaxel_D134T01_Loewe,4.324545087625948,9.432946611636048
Trametinib_Docetaxel_D134T01_ZIP,-0.12688847679671425,1.2723520890648303
Trametinib_Docetaxel_D135T01_Bliss,-12.961017410094186,-3.7447833275250186
Trametinib_Docetaxel_D135T01_HSA,-3.1812768700364034,5.809563066040049
Trametinib_Docetaxel_D135T01_Loewe,-4.7031190992502685,4.770408777932336
Trametinib_Docetaxel_D135T01_ZIP,-9.768779656532601,-3.793339455059877
Trametinib_Taselisib_D013T01_Bliss,6.073079335589423,5.651704326929615
Trametinib_Taselisib_D013T01_HSA,17.65877506260697,14.579498612236252
Trametinib_Taselisib_D013T01_Loewe,16.944956723825204,13.133331106695014
Trametinib_Taselisib_D013T01_ZIP,6.5944236598382915,6.176010500552352
Trametinib_Taselisib_D019T01_Bliss,10.034817156871346,7.028085087060915
Trametinib_Taselisib_D019T01_HSA,15.71643487738561,15.49438076976042
Trametinib_Taselisib_D019T01_Loewe,13.267227664487462,14.11100515046028
Trametinib_Taselisib_D019T01_ZIP,10.912176536165958,7.400684742678805
Trametinib_Taselisib_D080T01_Bliss,10.956789813019142,15.356541938639229
Trametinib_Taselisib_D080T01_HSA,12.770400951591967,16.141449730316
Trametinib_Taselisib_D080T01_Loewe,2.031688327715578,-6.037624190937216
Trametinib_Taselisib_D080T01_ZIP,12.801915014652513,18.066580491171873
Trametinib_Taselisib_D090T01_Bliss,9.798533828707562,10.647837698868546
Trametinib_Taselisib_D090T01_HSA,18.476305983955605,18.00597285988179
Trametinib_Taselisib_D090T01_Loewe,17.852868357326614,16.097396082964817
Trametinib_Taselisib_D090T01_ZIP,10.094034866560062,10.745749966569447
Trametinib_Taselisib_D092T01_Bliss,8.389815251209448,3.4115383182729073
Trametinib_Taselisib_D092T01_HSA,20.085965129838087,17.739167813568578
Trametinib_Taselisib_D092T01_Loewe,19.254056168227933,16.475731507620385
Trametinib_Taselisib_D092T01_ZIP,9.490199677047507,4.214489650973805
Trametinib_Taselisib_D104T01_Bliss,13.917136399379654,11.868103630609198
Trametinib_Taselisib_D104T01_HSA,20.548684887645447,18.28937696908746
Trametinib_Taselisib_D104T01_Loewe,19.095276201604346,14.102961641341903
Trametinib_Taselisib_D104T01_ZIP,14.474049464939485,12.36044732654411
Trametinib_Taselisib_D105T01_Bliss,13.773144393026179,15.855524084082992
Trametinib_Taselisib_D105T01_HSA,17.419375861550705,20.189645839333515
Trametinib_Taselisib_D105T01_Loewe,9.906060754613534,16.746500403245452
Trametinib_Taselisib_D105T01_ZIP,13.858055415489991,16.641197181744236
Trametinib_Taselisib_D114T01_Bliss,7.437196479984776,7.661834954359474
Trametinib_Taselisib_D114T01_HSA,15.722730329916955,16.912839764420806
Trametinib_Taselisib_D114T01_Loewe,13.978800778697368,15.303112254737403
Trametinib_Taselisib_D114T01_ZIP,8.343627135857941,8.624158407716385
Trametinib_Taselisib_D115T01_Bliss,9.144089419724626,5.882213714588054
Trametinib_Taselisib_D115T01_HSA,17.414091005007457,18.833876315752274
Trametinib_Taselisib_D115T01_Loewe,15.78429963504236,17.912651189012742
Trametinib_Taselisib_D115T01_ZIP,12.67289844617834,6.097711072584304
Trametinib_Taselisib_D131T01_Bliss,1.4210657521418013,3.874311768033395
Trametinib_Taselisib_D131T01_HSA,10.034782358975491,11.70162064199881
Trametinib_Taselisib_D131T01_Loewe,9.094102672623873,10.317090235906129
Trametinib_Taselisib_D131T01_ZIP,1.7836945391331076,4.338801075660423
Trametinib_Taselisib_D134T01_Bliss,-0.1592514060570015,4.134502609542022
Trametinib_Taselisib_D134T01_HSA,10.211529070627572,11.21684444863018
Trametinib_Taselisib_D134T01_Loewe,9.143573672981269,9.00876056543766
Trametinib_Taselisib_D134T01_ZIP,0.8152092977757109,4.374004185069628
Trametinib_Taselisib_D135T01_Bliss,-6.377829689195623,3.891479465718624
Trametinib_Taselisib_D135T01_HSA,5.832071028325223,15.00846347218039
Trametinib_Taselisib_D135T01_Loewe,5.2574909141594075,13.848133370579578
Trametinib_Taselisib_D135T01_ZIP,-5.544067265734961,4.175858226739412
Trametinib_Vinblastin_D013T01_Bliss,4.861760501269674,-2.210141066293671
Trametinib_Vinblastin_D013T01_HSA,15.27318430652407,8.209805011030854
Trametinib_Vinblastin_D013T01_Loewe,13.778477322280956,6.6627071010914145
Trametinib_Vinblastin_D013T01_ZIP,5.331007891025363,-0.3419982923176646
Trametinib_Vinblastin_D019T01_Bliss,8.876332307020915,2.2901613878706204
Trametinib_Vinblastin_D019T01_HSA,21.56144544394198,14.8962019125928
Trametinib_Vinblastin_D019T01_Loewe,20.703145410059854,14.349503542280502
Trametinib_Vinblastin_D019T01_ZIP,10.96631306992966,3.145598328936165
Trametinib_Vinblastin_D080T01_Bliss,5.124086898401069,12.515104038934101
Trametinib_Vinblastin_D080T01_HSA,10.665141885992602,16.722711129644484
Trametinib_Vinblastin_D080T01_Loewe,9.277652786304502,15.359464689221195
Trametinib_Vinblastin_D080T01_ZIP,6.82786409715214,14.90451719349088
Trametinib_Vinblastin_D090T01_Bliss,-4.821788039905476,-4.99540279625543
Trametinib_Vinblastin_D090T01_HSA,5.970633995226573,4.445368886514441
Trametinib_Vinblastin_D090T01_Loewe,3.491993529519711,1.742324859288858
Trametinib_Vinblastin_D090T01_ZIP,-4.487669739117165,-4.432552678387457
Trametinib_Vinblastin_D092T01_Bliss,-2.985360663810695,-2.721986243969137
Trametinib_Vinblastin_D092T01_HSA,5.232765739975559,3.9771188424071653
Trametinib_Vinblastin_D092T01_Loewe,4.410012923320063,2.494275938598966
Trametinib_Vinblastin_D092T01_ZIP,-3.073390657494889,-1.135861186862224
Trametinib_Vinblastin_D104T01_Bliss,8.680978531315132,8.097734463020268
Trametinib_Vinblastin_D104T01_HSA,22.838930757126548,21.60147190626569
Trametinib_Vinblastin_D104T01_Loewe,21.053000083741225,19.48376622517336
Trametinib_Vinblastin_D104T01_ZIP,8.864159357019986,8.134441350264172
Trametinib_Vinblastin_D105T01_Bliss,-3.679717693667066,-4.022680246928772
Trametinib_Vinblastin_D105T01_HSA,8.395736744429923,8.810650936672085
Trametinib_Vinblastin_D105T01_Loewe,7.327692486293784,5.575048419851199
Trametinib_Vinblastin_D105T01_ZIP,-3.4711059832978712,-4.072713567370383
Trametinib_Vinblastin_D114T01_Bliss,1.0412835851293645,1.1072432187613275
Trametinib_Vinblastin_D114T01_HSA,9.980885519179807,10.751781597560536
Trametinib_Vinblastin_D114T01_Loewe,7.63177782285387,8.999485675389678
Trametinib_Vinblastin_D114T01_ZIP,1.7288173826119737,2.3307552824605065
Trametinib_Vinblastin_D115T01_Bliss,-0.5692443366543614,-0.3628390891841309
Trametinib_Vinblastin_D115T01_HSA,11.491215870262506,10.530207708353197
Trametinib_Vinblastin_D115T01_Loewe,9.961473673836824,9.389280350810889
Trametinib_Vinblastin_D115T01_ZIP,0.21680112634166335,1.6148351974872515
Trametinib_Vinblastin_D131T01_Bliss,-2.076466926929585,-0.09969160313241048
Trametinib_Vinblastin_D131T01_HSA,10.04152912574486,13.016969372921315
Trametinib_Vinblastin_D131T01_Loewe,9.276397070136836,11.72891645143495
Trametinib_Vinblastin_D131T01_ZIP,-2.054744350104814,0.14675545160904732
Trametinib_Vinblastin_D134T01_Bliss,0.6248449966026492,4.0372967744888495
Trametinib_Vinblastin_D134T01_HSA,12.631008699562102,15.219049306603008
Trametinib_Vinblastin_D134T01_Loewe,11.540873714485178,13.871918005423465
Trametinib_Vinblastin_D134T01_ZIP,0.8466105551467797,4.0797764334846045
Trametinib_Vinblastin_D135T01_Bliss,-6.362683394326953,-1.1836526908010188
Trametinib_Vinblastin_D135T01_HSA,3.7189115182714216,6.524686573627196
Trametinib_Vinblastin_D135T01_Loewe,2.769913288137044,3.1333662642364426
Trametinib_Vinblastin_D135T01_ZIP,-6.114599116462153,1.0666750561527965
Vorinostat_EHMT-Inh._D013T01_Bliss,3.0924274189888115,4.493432620471511
Vorinostat_EHMT-Inh._D013T01_HSA,1.6735863156073518,3.5777801433739755
Vorinostat_EHMT-Inh._D013T01_Loewe,-14.066596885751702,-0.6850548203282142
Vorinostat_EHMT-Inh._D013T01_ZIP,3.3956788611249054,3.5885910939597854
Vorinostat_EHMT-Inh._D019T01_Bliss,1.148004973851352,2.556934187693468
Vorinostat_EHMT-Inh._D019T01_HSA,0.7885826916821562,3.239887865567796
Vorinostat_EHMT-Inh._D019T01_Loewe,-2.7281452936670556,-0.01474227142822235
Vorinostat_EHMT-Inh._D019T01_ZIP,1.3517029235035742,1.7150125782049168
Vorinostat_EHMT-Inh._D080T01_Bliss,3.5343581045861,1.1529061181539373
Vorinostat_EHMT-Inh._D080T01_HSA,2.0955647631751932,0.27489571155035547
Vorinostat_EHMT-Inh._D080T01_Loewe,4.177928786253326,-0.8836489485806885
Vorinostat_EHMT-Inh._D080T01_ZIP,1.6042206042913523,-3.890942490324539
Vorinostat_EHMT-Inh._D090T01_Bliss,12.73303812270065,4.121348788352517
Vorinostat_EHMT-Inh._D090T01_HSA,13.140266926390238,4.749514987438807
Vorinostat_EHMT-Inh._D090T01_Loewe,58.043175902810255,1.6484015014393965
Vorinostat_EHMT-Inh._D090T01_ZIP,13.57143209043955,3.2807962365154575
Vorinostat_EHMT-Inh._D092T01_Bliss,0.12120847589651575,2.4405173732540333
Vorinostat_EHMT-Inh._D092T01_HSA,1.3314748853411273,1.589775530656433
Vorinostat_EHMT-Inh._D092T01_Loewe,-0.8192355951067475,1.18084604623907
Vorinostat_EHMT-Inh._D092T01_ZIP,0.11350276435014842,5.271954831866892
Vorinostat_EHMT-Inh._D104T01_Bliss,-1.2525552134402518,2.782579110492828
Vorinostat_EHMT-Inh._D104T01_HSA,0.8329386211767911,4.172205214666611
Vorinostat_EHMT-Inh._D104T01_Loewe,-7.014978379982779,2.188920530215318
Vorinostat_EHMT-Inh._D104T01_ZIP,-0.9497356895158554,2.0320284153177823
Vorinostat_EHMT-Inh._D105T01_Bliss,6.877593180721386,3.3577880023164646
Vorinostat_EHMT-Inh._D105T01_HSA,7.730758577070975,2.7240541991172034
Vorinostat_EHMT-Inh._D105T01_Loewe,3.6785105792727317,-1.1265516712003492
Vorinostat_EHMT-Inh._D105T01_ZIP,7.031164461123723,6.373896244597711
Vorinostat_EHMT-Inh._D114T01_Bliss,4.844446112286201,5.363895939803257
Vorinostat_EHMT-Inh._D114T01_HSA,9.278203779248882,6.052781353555225
Vorinostat_EHMT-Inh._D114T01_Loewe,6.393593409434664,2.7159886307581154
Vorinostat_EHMT-Inh._D114T01_ZIP,5.531757461669003,3.753345160201885
Vorinostat_EHMT-Inh._D115T01_Bliss,6.185213992733218,2.096699387777444
Vorinostat_EHMT-Inh._D115T01_HSA,8.342152711285696,4.670278115824341
Vorinostat_EHMT-Inh._D115T01_Loewe,7.787417174660119,3.0572093424890143
Vorinostat_EHMT-Inh._D115T01_ZIP,5.463349250748146,0.21052451810009354
Vorinostat_EHMT-Inh._D131T01_Bliss,-4.424092630485786,1.7805247091723142
Vorinostat_EHMT-Inh._D131T01_HSA,-1.8856843260327585,5.102039763128058
Vorinostat_EHMT-Inh._D131T01_Loewe,-3.4512757872237474,3.517703753159939
Vorinostat_EHMT-Inh._D131T01_ZIP,-1.6543003961822285,0.06683016907450609
Vorinostat_EHMT-Inh._D134T01_Bliss,-4.099365380890172,-3.172614695168397
Vorinostat_EHMT-Inh._D134T01_HSA,1.5128092221003144,0.2807674420444471
Vorinostat_EHMT-Inh._D134T01_Loewe,-0.6653055169516849,-1.534760109737019
Vorinostat_EHMT-Inh._D134T01_ZIP,-2.36107806494918,-2.0268946378067145
Vorinostat_EHMT-Inh._D135T01_Bliss,4.225038869109572,1.7859321136731665
Vorinostat_EHMT-Inh._D135T01_HSA,5.023642677207133,3.5287101625476227
Vorinostat_EHMT-Inh._D135T01_Loewe,1.8040113478692512,1.4744309762076062
Vorinostat_EHMT-Inh._D135T01_ZIP,3.8180221029775088,2.2463161582196784
